name,fide,country,followers,joined,last_online,current_rapid_rating,highest_rapid_rating,highest_rapid_date,rapid_win,rapid_draw,rapid_loss,current_blitz_rating,highest_blitz_rating,highest_blitz_date,blitz_win,blitz_draw,blitz_loss,current_bullet_rating,highest_bullet_rating,highest_bullet_date,bullet_win,bullet_draw,bullet_loss,highest_tactics_rating,highest_tactics_date,highest_puzzle_rush_score,is_streamer,status,league
VojtÄ›ch PlÃ¡t,2950,Czech Republic,360,2017,2023,2383,2672,2020,12,5,6,2823,2914,2020,976,280,847,2661,2750,2021,32,8,47,3251,2021,49,FALSE,premium,Bronze
Fabiano Caruana,2835,United States,14445,2013,2023,2794,3045,2019,122,103,46,3125,3136,2023,1012,194,322,3030,3113,2021,713,65,203,3519,2023,64,FALSE,premium,Crystal
Iuri Shkuro,2828,Ukraine,388,2014,2023,2492,2566,2021,179,4,9,2906,2906,2023,977,219,505,2798,2798,2023,390,36,192,2885,2023,60,FALSE,premium,Silver
Hikaru Nakamura,2814,United States,1163963,2014,2023,2781,2927,2022,156,157,39,3232,3332,2020,24782,3307,4284,3326,3570,2020,10920,659,1536,3427,2022,123,TRUE,premium,Legend
Alireza Firouzja,2785,France,18750,2018,2023,2715,2837,2023,31,20,18,3100,3233,2020,6266,1467,3923,3264,3521,2020,11513,1326,7504,3118,2019,73,FALSE,premium,Bronze
Alexander Grischuk,2780,Russia,6864,2016,2023,2679,2837,2020,94,111,61,3029,3146,2020,953,427,487,3082,3310,2020,677,216,470,1217,2023,63,FALSE,premium,Champion
Maxime Vachier-Lagrave,2780,France,10401,2014,2023,2754,2863,2021,41,27,18,3127,3143,2023,1415,373,508,3011,3224,2020,999,148,477,3721,2023,86,TRUE,premium,Crystal
Ian Nepomniachtchi,2779,Russia,10040,2016,2023,2728,2908,2020,75,60,29,3084,3204,2020,2947,730,1650,2977,3168,2020,223,44,170,3605,2023,74,TRUE,premium,Crystal
Anish Giri,2776,Netherlands,8594,2015,2023,2686,2852,2020,74,77,35,3087,3115,2022,318,140,138,3224,3296,2022,141,53,75,3408,2020,53,FALSE,premium,Crystal
Harikrishna Pentala,2768,India,1287,2011,2023,2642,2869,2021,20,24,14,2978,3055,2022,529,194,523,3020,3020,2020,618,114,569,3809,2023,69,FALSE,premium,Bronze
Teimour Radjabov,2765,Azerbaijan,2013,2014,2023,2671,2848,2021,18,24,9,3020,3089,2022,113,11,22,3040,3062,2020,124,16,48,3335,2023,29,FALSE,premium,Wood
Leinier Dominguez Perez,2751,United States,1209,2014,2023,2648,2880,2021,43,30,22,2932,3053,2020,1164,352,665,2940,3098,2022,515,79,322,3617,2018,81,TRUE,premium,Silver
Alexander Zubov,2740,Ukraine,2166,2015,2023,2726,2726,2020,10,1,1,3046,3068,2021,1991,280,746,3109,3163,2023,2866,191,928,2815,2023,71,TRUE,premium,Silver
Radoslaw Wojtaszek,2733,Poland,303,2015,2023,2575,2749,2020,12,9,4,2825,2926,2020,289,73,119,2842,2842,2021,38,7,21,3499,2018,51,FALSE,premium,Stone
Jan-Krzysztof Duda,2731,Poland,6759,2018,2023,2755,2997,2020,31,8,11,3003,3143,2020,1868,362,1006,3035,3248,2020,3551,364,2439,3956,2021,54,FALSE,premium,Silver
Hou Yifan,2730,China,1443,2017,2023,2572,2745,2020,14,8,7,2802,2816,2022,125,42,88,2632,2666,2022,49,27,50,1000,2021,54,FALSE,premium,Stone
Dmitry Andreikin,2729,International,2186,2013,2023,2675,2811,2022,131,117,67,2995,3161,2022,2709,704,897,2994,3310,2020,694,120,411,3128,2018,51,FALSE,premium,Legend
Liem Le,2728,Vietnam,5475,2013,2023,2693,2769,2023,114,76,63,2927,3042,2022,783,236,405,3121,3121,2021,189,34,85,3765,2018,71,FALSE,premium,Crystal
Parham Maghsoodloo,2728,Iran,4022,2017,2023,2645,2714,2022,93,76,81,2984,3191,2019,2693,613,2088,3004,3140,2020,2899,407,3088,2709,2023,93,FALSE,premium,Crystal
Vidit Gujrathi,2726,India,12845,2012,2023,2649,2754,2022,89,64,39,3044,3089,2021,1084,268,501,2921,3120,2021,444,72,242,3012,2015,67,TRUE,premium,Crystal
Baadur Jobava,2722,Georgia,2171,2014,2023,2596,2740,2020,73,5,7,3002,3119,2022,4930,1134,1950,2848,2992,2020,114,33,100,3402,2020,109,FALSE,premium,Champion
Evgeny Shtembuliak,2721,United States,1174,2016,2023,1913,2523,2020,17,8,9,2853,2985,2020,3798,954,3192,2911,2986,2020,878,120,671,3574,2022,46,TRUE,premium,Elite
Yaroslav Zherebukh,2718,United States,1579,2013,2023,2573,2674,2022,36,9,9,2787,2943,2021,1877,337,1032,2481,2799,2020,484,41,275,3303,2019,73,FALSE,premium,Bronze
Francisco Vallejo Pons,2715,Spain,2095,2008,2023,2631,2801,2022,21,16,16,2911,3002,2022,533,127,237,2918,3024,2023,495,51,173,3087,2023,57,FALSE,premium,Crystal
Vasif Durarbayli,2711,Azerbaijan,1402,2015,2023,2609,2732,2020,75,39,49,2926,2979,2023,2693,524,2022,2939,2949,2023,579,81,420,3521,2023,67,FALSE,premium,Elite
Andrey Esipenko,2709,Russia,3041,2013,2023,2570,2878,2020,83,38,37,2938,3032,2019,1494,359,1104,2910,3144,2020,885,113,765,3411,2020,57,FALSE,premium,Crystal
Aleksandr Lenderman,2706,United States,1739,2010,2023,2560,2805,2020,176,57,37,2882,2997,2023,1733,324,518,2752,2815,2018,558,45,220,3751,2022,74,TRUE,premium,Silver
Vladislav Kovalev,2703,International,221,2017,2023,2573,2842,2020,176,89,111,2948,2966,2020,1682,403,1323,2786,2848,2022,742,113,680,3290,2019,66,FALSE,premium,Elite
Vladimir Fedoseev,2701,Samoa,3027,2016,2023,2778,2787,2023,247,103,89,3064,3174,2020,6020,1293,4130,2981,3231,2020,3694,562,3379,3726,2021,63,TRUE,premium,Crystal
Jaan Ehlvest,2701,United States,373,2011,2023,2610,2860,2020,12,4,6,2633,2737,2019,646,70,556,2404,2498,2023,1504,34,1260,2965,2012,48,FALSE,premium,Bronze
Bogdan Daniel Deac,2700,Romania,2174,2016,2023,2608,2919,2020,64,52,44,3011,3105,2022,5065,1449,3002,2879,2951,2021,700,66,513,3442,2023,66,FALSE,premium,Elite
Bassem Amin,2700,Egypt,1985,2014,2023,2510,2964,2020,14,8,12,2819,2876,2021,519,85,358,2893,2819,2020,79,7,91,3408,2023,47,FALSE,premium,Bronze
Loek van Wely,2700,Netherlands,95,2013,2023,2454,2770,2020,15,7,6,2858,2888,2022,152,34,90,2692,2580,2013,25,3,13,400,2013,40,FALSE,premium,Stone
Aleksandr Shimanov,2699,United States,665,2015,2023,2527,2801,2020,3,2,3,3014,3023,2023,3935,780,2759,3000,3066,2021,95,8,47,2217,2017,57,FALSE,premium,Bronze
Gabriel Sargissian,2699,Armenia,256,2017,2023,2468,2920,2020,15,11,8,2914,2914,2019,397,147,277,2884,2884,2021,196,31,159,3458,2023,49,FALSE,premium,Wood
Borki Predojevic,2698,Bosnia-Herzegovina,836,2014,2023,2564,2630,2018,11,1,2,2917,2917,2022,380,78,165,2885,2946,2022,168,15,106,2644,2020,44,FALSE,premium,Bronze
Pavel Vorontsov,2691,United States,197,2020,2023,2302,2465,2021,4,3,4,2633,2855,2021,311,68,232,2521,2521,2020,1,2,1,2882,2021,35,FALSE,premium,Bronze
Max Illingworth,2690,Australia,3713,2010,2023,2612,2877,2020,11,6,5,2875,2956,2020,1827,217,777,2826,3064,2020,823,74,280,3637,2023,56,FALSE,premium,Bronze
Mykhaylo Oleksiyenko,2689,Ukraine,393,2013,2023,2223,2300,2014,26,1,1,2667,2795,2023,445,75,244,2642,2642,2020,49,6,17,3876,2019,63,FALSE,premium,Wood
David Howell,2689,England,966,2016,2023,2735,2906,2020,30,9,5,3019,3046,2021,3283,528,1009,3032,3032,2021,3818,324,1276,2940,2016,59,FALSE,premium,Champion
Rauf Mamedov,2688,Azerbaijan,802,2016,2023,2673,2970,2020,9,1,3,3198,3198,2023,1656,340,948,3176,3202,2022,186,31,123,3503,2022,67,FALSE,premium,Bronze
Aleksei Sarana,2685,Serbia,2039,2014,2023,2675,2977,2020,176,104,88,3056,3135,2022,10345,1795,5850,2983,3130,2022,1728,206,1203,3719,2022,80,FALSE,premium,Elite
Peter Svidler,2683,Russia,838,2019,2023,2654,2800,2022,22,17,13,2963,3079,2020,328,103,101,2809,3053,2020,14,12,31,2200,2020,63,FALSE,premium,Stone
Jorden van Foreest,2682,Netherlands,1294,2011,2023,2688,2700,2023,47,31,52,2961,3078,2022,4991,989,4063,2881,3140,2020,3685,336,3092,3456,2023,57,FALSE,premium,Crystal
Illia Nyzhnyk,2679,United States,795,2011,2023,2590,2782,2020,25,9,7,2874,2991,2022,815,103,178,2988,3057,2022,388,37,154,3740,2023,57,FALSE,premium,Crystal
Gawain Jones,2677,United Kingdom,310,2012,2023,2552,2763,2020,29,19,17,2918,2957,2023,1221,291,569,3004,3004,2022,131,14,55,3743,2022,60,FALSE,premium,Silver
Amin Tabatabaei,2675,Iran,971,2016,2023,2740,2752,2023,109,89,62,3037,3061,2020,4083,981,3986,2939,3184,2020,2245,339,2348,4015,2022,93,FALSE,premium,Crystal
Sanan Sjugirov,2675,Russia,1660,2014,2023,2624,2894,2020,65,40,57,2949,3011,2021,4934,1106,2837,2856,2997,2021,1624,185,1100,3002,2022,59,FALSE,premium,Champion
S.L. Narayanan,2673,India,1009,2011,2023,2554,2684,2022,22,26,21,3043,3055,2020,6522,1516,4504,2956,3138,2021,2715,349,2071,3714,2020,52,FALSE,premium,Crystal
Aleksandr Rakhmanov,2670,International,495,2008,2023,2615,2615,2023,60,21,38,2853,2916,2018,907,184,395,2762,2777,2023,73,6,27,3729,2019,56,FALSE,premium,Bronze
Alexander Donchenko,2668,Germany,501,2013,2023,2624,2789,2020,66,15,29,2862,2928,2022,2186,415,1120,2699,2901,2021,978,91,513,3442,2022,73,FALSE,premium,Crystal
Gadir Guseinov,2665,Azerbaijan,403,2012,2023,2533,2771,2020,176,70,41,2805,2967,2020,364,88,121,2941,3028,2019,156,28,113,2661,2023,44,FALSE,premium,Elite
Nijat Abasov,2664,Azerbaijan,150,2019,2023,2321,2609,2020,9,0,5,2937,3024,2022,289,77,156,2891,3080,2022,131,7,72,3572,2023,77,FALSE,premium,Silver
Hrant Melkumyan,2663,Armenia,834,2016,2023,2562,2947,2020,41,13,26,2910,3085,2020,3487,813,2331,2961,2961,2020,171,19,94,2924,2018,48,FALSE,premium,Silver
Adhiban Baskaran,2663,India,1637,2014,2023,2691,2863,2020,21,12,14,3004,3032,2023,546,160,461,2918,2945,2023,451,56,444,1213,2019,52,TRUE,premium,Crystal
Gata Kamsky,2660,United States,1800,2016,2023,2686,2693,2023,238,142,70,3010,3034,2023,3450,1117,1191,2763,2863,2022,255,41,227,1914,2021,62,TRUE,premium,Champion
Ivan Saric,2660,Croatia,923,2012,2023,2712,2870,2019,31,21,17,2820,3016,2019,1992,656,1527,3098,3109,2021,221,21,125,3526,2022,60,FALSE,premium,Silver
Julio Sadorra,2660,Philippines,248,2015,2022,2662,2662,2020,3,1,1,2714,2774,2022,886,46,838,2585,2585,2021,2,0,0,5377,2019,47,TRUE,premium,Bronze
Robin van Kampen,2658,United States,351,2012,2023,2660,2660,2021,3,0,0,2794,2960,2020,2250,488,1705,2855,2888,2020,648,66,376,2548,2023,47,FALSE,premium,Elite
Kirill Shevchenko,2655,Romania,905,2016,2023,2631,2810,2020,48,21,14,2990,3038,2023,1227,285,717,2928,2960,2020,1219,211,1052,4195,2019,74,FALSE,premium,Crystal
Anton Demchenko,2654,Russia,2299,2014,2023,2465,2835,2020,156,44,124,2908,3030,2020,4059,869,3001,2766,2828,2018,381,47,376,3238,2023,49,FALSE,premium,Elite
Victor Bologan,2654,Moldova,321,2014,2023,2542,2581,2021,12,5,8,2728,2932,2022,2843,455,2666,2421,2636,2017,2204,204,2028,3778,2023,68,FALSE,premium,Champion
Georg Meier,2653,Uruguay,1056,2013,2023,2676,2924,2019,64,40,31,2916,3059,2020,3592,1061,1972,2734,3023,2016,4230,578,2377,2791,2014,39,FALSE,premium,Crystal
Eduardo Iturrizaga,2652,Spain,1127,2015,2023,2725,2772,2022,65,38,21,2884,2990,2019,563,85,310,2920,3036,2020,501,45,369,2640,2022,54,FALSE,premium,Crystal
Rasmus Svane,2651,Germany,2231,2016,2023,2588,2632,2022,495,58,103,2962,3058,2023,3254,644,1309,2999,3104,2023,6901,571,2127,3639,2022,72,FALSE,premium,Legend
aggy67,2650,United States,34,2013,2023,2257,2602,2017,1,0,0,2421,2597,2014,21,5,16,2416,2632,2014,7,0,71,1449,2023,11,FALSE,premium,Wood
Sergei Matsenko,2650,United States,182,2017,2023,2500,2500,2020,1,0,0,2822,2871,2022,3516,696,2210,2845,2856,2023,669,83,438,3082,2020,49,FALSE,premium,Silver
Aryan Tari,2650,Norway,1184,2012,2023,2510,2686,2022,37,27,35,2909,3005,2022,3370,582,2197,3140,3218,2023,212,40,214,3245,2023,72,FALSE,premium,Crystal
Sethuraman S.P,2649,India,239,2016,2023,2534,2673,2019,10,13,8,2803,2950,2022,1897,333,1236,2660,2693,2018,256,27,174,2956,2019,63,FALSE,premium,Silver
Elshan Moradiabadi,2649,United States,819,2012,2023,2706,2832,2023,29,17,8,2784,2924,2021,1567,382,923,2758,2840,2020,415,51,242,3150,2020,55,FALSE,premium,Silver
Sasikiran Krishnan,2647,India,268,2019,2023,2490,2829,2020,30,21,26,2944,2958,2023,2078,559,1818,2766,2860,2023,1360,184,1208,3584,2022,55,FALSE,premium,Crystal
Grzegorz Gajewski,2646,Poland,389,2015,2023,2443,2756,2020,8,1,9,2788,2892,2021,3524,547,2499,2596,2819,2020,292,37,235,3721,2022,50,FALSE,premium,Silver
Gregory Kaidanov,2645,United States,221,2009,2023,2526,2595,2023,5,2,5,2669,2741,2021,74,8,54,1746,1854,2014,2,0,3,3074,2023,91,FALSE,premium,Wood
Maksim Chigaev,2643,International,324,2015,2023,2602,2770,2020,63,36,38,2947,3036,2022,2185,455,1115,3016,3054,2023,353,60,269,4188,2020,67,TRUE,premium,Crystal
Ahmed Adly,2643,Egypt,440,2018,2023,2720,2720,2021,10,2,3,2908,2968,2020,508,65,269,2826,3020,2022,673,81,485,3256,2022,62,FALSE,premium,Silver
Yuriy Kuzubov,2642,Ukraine,203,2016,2023,2495,2607,2023,54,18,17,2924,2966,2020,1245,268,851,2808,2797,2016,29,7,30,2691,2022,74,FALSE,premium,Bronze
Fidel Corrales Jimenez,2640,United States,3602,2014,2023,2158,2539,2019,7,5,5,2866,2972,2019,7947,1306,7591,2755,2880,2022,1485,134,1600,3856,2023,51,TRUE,premium,Champion
Andriy Vovk,2640,Ukraine,749,2012,2023,2639,2639,2022,11,0,0,2393,2608,2013,104,19,70,2836,2836,2020,298,23,179,3366,2022,50,FALSE,premium,Wood
ZURAB AZMAIPARASHVILI,2637,Georgia,148,2019,2023,1926,2454,2021,3,4,7,2704,2989,2020,94,18,61,2748,2815,2022,33569,4888,24635,4538,2020,54,FALSE,premium,Champion
Haik Martirosyan,2635,Armenia,768,2017,2023,2603,2698,2022,47,20,24,2973,3117,2020,2302,394,1271,2982,3206,2020,12910,1395,9685,2411,2020,49,FALSE,premium,Crystal
Benjamin Bok,2635,Netherlands,7052,2010,2023,2598,2715,2020,409,85,75,2972,3045,2023,4027,853,1652,2944,3060,2023,603,58,517,3313,2023,247,TRUE,premium,Legend
Sandro Mareco,2634,Argentina,585,2014,2023,2535,2832,2019,25,12,11,2863,2923,2020,743,164,560,2515,2394,2019,29,1,18,3040,2023,69,FALSE,premium,Silver
Arunprasad Subramanian,2634,United States,341,2007,2023,2123,2123,2020,4,1,3,2785,2789,2019,138,12,49,2547,2659,2019,845,86,621,2793,2019,46,FALSE,premium,Wood
Daniel Fridman,2631,Germany,30,2017,2023,2624,3008,2019,19,14,7,2838,2957,2023,167,21,92,2682,2579,2020,47,3,19,1209,2022,49,FALSE,premium,Wood
Yuniesky Quesada,2630,United States,1579,2016,2023,2669,2815,2022,67,4,1,2879,2965,2022,6360,1411,4921,2626,2845,2022,448,49,361,3397,2023,61,FALSE,premium,Elite
Mustafa Yilmaz,2630,Turkey,4880,2014,2023,2559,2777,2022,23,5,24,2836,3010,2021,2852,454,1806,2855,2980,2022,332,35,214,3329,2022,56,FALSE,premium,Crystal
Vitaliy Bernadskiy,2629,Ukraine,549,2015,2023,2594,2626,2023,41,24,30,2860,2946,2020,4819,935,3441,2676,2881,2020,305,32,185,2927,2023,47,FALSE,premium,Elite
Priyadharshan Kannappan,2627,India,360,2012,2023,2471,2623,2019,8,1,0,2687,2807,2019,1651,367,1206,2786,2803,2021,1727,297,1037,3003,2022,50,FALSE,premium,Stone
Daniil Dubov,2627,Russia,6012,2012,2023,2681,2940,2020,93,100,55,3088,3144,2023,4818,1133,2529,3120,3136,2022,2145,270,1589,2761,2022,76,FALSE,premium,Crystal
Dragan Solak,2626,Turkey,541,2017,2023,2512,2679,2020,10,8,3,2515,2941,2019,1430,435,1025,2534,2769,2018,471,78,300,2513,2023,64,FALSE,premium,Silver
Samvel Ter-Sahakyan,2624,Armenia,1157,2017,2023,2610,2635,2022,133,49,44,2847,2975,2020,1315,441,889,2904,2949,2021,128,26,107,3444,2023,78,FALSE,premium,Champion
Karen Grigoryan,2621,United States,5045,2020,2023,2149,2820,2020,97,2,5,2953,2953,2023,468,18,43,2902,2934,2023,268,17,53,3012,2023,62,FALSE,premium,Bronze
Nodirbek Yakubboev,2621,Uzbekistan,269,2018,2021,2562,2826,2020,23,10,10,3001,3001,2021,245,48,126,2986,3021,2021,76,6,31,2201,2019,49,FALSE,premium,Wood
Jose Eduardo Martinez Alcantara,2620,Mexico,14624,2016,2023,2700,2744,2020,337,137,107,3025,3121,2021,12799,2335,6154,3145,3231,2023,5914,704,3466,4178,2022,93,TRUE,premium,Legend
Jan Smeets,2620,Netherlands,27,2012,2023,2587,2717,2021,5,4,3,2706,2763,2022,326,38,260,3034,3034,2020,102,11,54,2734,2021,47,FALSE,premium,Stone
Nihal Sarin,2620,Chile,12921,2012,2023,2751,2790,2022,146,51,63,3058,3277,2023,11807,2187,6781,3191,3402,2021,11028,1404,5871,3447,2023,67,TRUE,premium,Elite
Ivan Salgado,2619,Spain,87,2013,2023,2458,2536,2023,7,5,13,2783,2965,2022,435,94,337,2734,2776,2019,10,0,6,3314,2022,57,FALSE,premium,Silver
Frederik Svane,2618,Germany,224,2017,2023,2451,2545,2022,222,22,37,2949,3010,2023,3142,668,1885,2944,3004,2022,1285,147,858,3913,2022,80,FALSE,premium,Champion
Johan-Sebastian Christiansen,2618,Cayman Islands,175,2015,2023,2530,2805,2019,11,2,10,2802,2902,2021,1092,187,800,2848,2965,2022,1342,175,1082,2772,2018,50,FALSE,premium,Silver
Andrey Gorovets,2616,United States,1929,2008,2023,941,2763,2020,553,1150,76,2836,2928,2023,9023,2438,7404,2442,2804,2020,859,72,607,3226,2023,59,FALSE,premium,Champion
Sam Shankland,2616,United States,1736,2009,2023,2561,2777,2020,18,10,8,2872,3016,2022,756,212,423,2686,2729,2019,321,34,240,3179,2013,63,FALSE,premium,Silver
Arturs Neiksans,2615,Latvia,1745,2012,2023,2484,2742,2020,17,5,5,2802,2948,2019,2352,509,1443,2729,2883,2021,366,31,207,4080,2021,104,TRUE,premium,Champion
Abhijeet Gupta,2612,India,782,2020,2023,2459,2600,2021,10,5,10,2981,2991,2021,920,202,863,2679,2849,2021,120,15,108,3069,2021,65,FALSE,premium,Elite
Samy Shoker,2610,Egypt,2279,2014,2023,2409,2419,2023,5,4,3,2709,2919,2023,6455,1484,6086,2686,2717,2022,89,6,63,3107,2023,52,FALSE,premium,Crystal
Eric Hansen,2609,Canada,14206,2008,2023,2530,2805,2019,58,25,43,2852,3042,2020,6960,765,3443,2970,3265,2021,8822,555,5222,2793,2015,49,TRUE,premium,Champion
Raunak Sadhwani,2609,India,1090,2019,2023,2717,2718,2023,67,39,29,2991,3105,2023,1459,417,826,2906,3218,2023,3878,513,2790,3723,2022,77,TRUE,premium,Elite
Raunak Sadhwani,2609,India,1100,2016,2023,2664,2784,2019,74,48,47,2974,3056,2023,3989,1324,2996,3066,3177,2021,3453,438,2223,3544,2022,63,TRUE,premium,Elite
Kacper Piorun,2609,Poland,261,2010,2023,2349,2800,2020,12,10,23,2875,2994,2022,1598,312,749,2841,2994,2022,1401,106,452,3900,2023,71,FALSE,premium,Champion
Mateusz Bartel,2609,Poland,278,2014,2023,2436,2636,2020,22,20,22,2810,2926,2023,2526,587,1943,2909,2909,2023,213,32,207,4024,2019,51,TRUE,premium,Champion
Praggnanandhaa Rameshbabu,2608,India,4861,2016,2023,2664,2735,2023,68,31,30,2972,3018,2022,1012,197,747,2770,3041,2021,2468,320,2302,4220,2020,65,FALSE,premium,Crystal
Vladimir Baklan,2607,Ukraine,193,2019,2023,2665,2692,2022,71,25,12,2694,2799,2021,273,69,111,2870,2903,2020,12,2,7,3338,2022,45,TRUE,premium,Stone
Christopher Woojin Yoo,2607,Papua New Guinea,2843,2013,2023,2609,2871,2020,258,76,113,2994,3043,2022,5473,1023,2808,2958,3076,2023,1567,266,1022,3618,2023,67,FALSE,premium,Champion
Raset Ziatdinov,2605,Uzbekistan,72,2015,2023,2098,2361,2021,72,9,29,2339,2453,2022,1200,129,639,2179,2344,2021,692,61,369,3066,2022,55,FALSE,premium,Champion
Oleksandr Bortnyk,2605,United States,8333,2016,2023,2616,2939,2020,212,59,92,3030,3109,2023,6035,875,1909,3241,3367,2021,10734,1153,5868,4012,2023,58,TRUE,premium,Legend
Evgenij Miroshnichenko,2604,Micronesia,404,2015,2022,2482,2606,2019,6,1,3,2559,2737,2019,1356,193,405,2515,2515,2021,107,5,11,3717,2020,87,TRUE,premium,Wood
Yasser Quesada Perez,2604,Cuba,499,2016,2023,2388,2450,2020,11,8,12,2820,2991,2020,720,121,394,2589,2619,2020,48,9,17,3398,2023,41,FALSE,premium,Crystal
Gabor Papp,2603,Hungary,28,2016,2023,2342,2582,2020,11,0,6,2676,2676,2023,94,14,47,2562,2412,2017,3,0,2,2033,2018,47,FALSE,premium,Stone
Luis Paulo Supi,2603,Brazil,7983,2013,2023,2539,2759,2020,18,7,8,2931,3051,2020,5389,1174,3800,2827,2971,2020,353,50,271,2892,2015,49,TRUE,premium,Champion
Shamsiddin Vokhidov,2601,Uzbekistan,768,2019,2023,2623,2696,2020,125,47,68,2926,3017,2022,1872,491,1283,2878,3026,2021,554,73,322,3818,2023,72,FALSE,premium,Champion
Zahar Efimenko,2601,Ukraine,118,2020,2023,2579,2735,2020,24,13,6,2718,2806,2021,237,68,153,2647,2647,2020,5,2,6,2739,2022,38,FALSE,premium,Stone
Evgeny Postny,2600,Israel,57,2014,2023,2437,2719,2020,23,5,16,2750,2815,2023,589,120,293,2353,2203,2017,2,0,0,3737,2020,48,FALSE,premium,Silver
Daniel Naroditsky,2600,United States,25031,2009,2023,2555,2919,2019,23,14,13,3141,3249,2023,21375,4402,10520,3268,3553,2020,29064,3259,14034,2890,2023,82,TRUE,premium,Champion
Pavel Smirnov,2600,Russia,147,2015,2023,2634,2679,2023,28,12,9,2722,2917,2021,1095,252,648,2456,2628,2021,11,0,12,3652,2016,47,FALSE,premium,Bronze
Benjamin Gledura,2600,Hungary,188,2013,2023,2594,2860,2021,73,46,54,2911,2991,2020,1283,286,1152,2833,2802,2020,122,21,88,3327,2019,48,FALSE,premium,Elite
Boris Avrukh,2600,United States,135,2013,2023,2598,2598,2020,5,0,0,2808,2808,2020,295,57,121,2483,2410,2014,27,3,25,2609,2019,44,FALSE,premium,Wood
Sergey Shipov,2600,Russia,1206,2016,2023,2547,2547,2020,1,0,0,2726,2850,2021,587,101,261,2805,2873,2020,393,35,212,2901,2020,51,FALSE,premium,Stone
Alex Fier,2600,Brazil,1373,2013,2023,2512,2589,2020,79,40,55,2771,2890,2019,1685,361,1110,2670,2839,2020,198,18,144,3601,2022,62,TRUE,premium,Crystal
Suat Atalik,2599,Serbia,207,2011,2023,2505,2834,2020,151,48,36,2712,2744,2022,626,88,63,2667,2698,2022,126,27,19,3448,2014,44,FALSE,premium,Elite
Vaibhav Suri,2599,India,59,2019,2023,2532,2776,2020,15,8,17,2725,2914,2019,744,188,623,2651,2865,2022,279,44,240,3656,2023,66,FALSE,premium,Crystal
Harsha Bharathakoti,2599,India,283,2017,2023,2430,2595,2022,26,11,26,2849,2928,2022,1637,299,949,2905,3037,2021,415,39,261,4455,2018,59,FALSE,premium,Elite
Dejan Bojkov,2597,Bulgaria,1167,2010,2023,2257,2257,2023,5,0,0,2395,2446,2012,265,26,85,2593,2459,2012,324,20,76,2855,2020,60,FALSE,premium,Wood
Konstantin Tarlev,2596,Ukraine,94,2013,2023,2648,2648,2023,1,0,0,2877,2877,2023,189,26,80,2648,2525,2018,48,2,15,3073,2017,57,FALSE,premium,Silver
Alejandro Ramirez,2595,United States,296,2010,2023,2420,2658,2020,5,0,1,2725,2921,2021,1193,267,968,2829,2905,2020,1880,213,1319,3152,2021,46,FALSE,premium,Silver
Andrey Stukopin,2595,United States,434,2016,2023,2593,2596,2017,2,0,0,2687,2739,2020,301,42,218,2616,2616,2020,24,4,18,3304,2022,48,FALSE,premium,Wood
Mikhail Antipov,2594,United States,145,2016,2023,2593,2624,2023,121,41,60,2903,3017,2019,2370,336,1406,2872,3012,2021,457,41,274,3817,2019,62,FALSE,premium,Elite
Sergei Azarov,2594,International,393,2016,2023,2560,2660,2020,37,26,30,2768,2921,2019,2330,467,2376,2677,2610,2020,568,51,635,3499,2020,45,FALSE,premium,Crystal
GN Gopal,2593,India,14,2009,2023,2593,2593,2020,1,0,0,2600,2696,2022,27,3,6,2281,2401,2020,3,0,1,2810,2022,60,FALSE,premium,Silver
Erik Van den Doel,2593,Netherlands,16,2018,2023,2442,2475,2021,4,1,4,2799,2876,2022,24,15,14,2487,2758,2021,11,2,9,3402,2022,26,FALSE,premium,Stone
Anton Filippov,2592,Kazakhstan,107,2017,2023,1974,1974,2020,6,1,0,2839,2861,2023,501,91,343,2385,2568,2020,19,3,18,3197,2023,48,FALSE,premium,Crystal
Rafael Leitao,2592,Brazil,4774,2014,2023,2323,2659,2020,9,1,2,2777,2803,2023,721,193,404,2636,2711,2023,100,12,79,2376,2022,60,TRUE,premium,Silver
Nikolay Chadaev,2591,International,457,2015,2023,2246,2591,2020,3,1,1,2865,2984,2022,721,114,336,2625,2587,2017,84,9,45,2606,2017,48,FALSE,premium,Bronze
Miguel Santos Ruiz,2591,Spain,834,2015,2023,2537,2797,2022,25,22,19,2751,2878,2022,402,62,206,2798,2907,2021,227,27,127,2420,2016,49,TRUE,premium,Silver
Marcin Dziuba,2590,Poland,91,2016,2023,2477,2557,2020,26,3,8,2635,2730,2019,421,81,301,2633,2483,2017,45,4,21,3805,2023,60,FALSE,premium,Bronze
Yusnel Bacallao Alonso,2590,Cuba,141,2019,2023,2480,2713,2020,24,9,5,2773,2870,2022,343,69,207,2750,2662,2019,415,25,182,3586,2022,61,FALSE,premium,Bronze
Viorel Iordachescu,2589,Moldova,170,2017,2023,2435,2690,2020,7,2,3,3142,3150,2022,784,132,506,3121,3158,2022,30,2,33,3509,2022,63,FALSE,premium,Crystal
Rogelio Jr Antonio,2589,Philippines,2178,2009,2023,2398,2558,2022,289,104,56,2631,2890,2023,39863,4156,27648,2425,2972,2011,58921,2636,36057,3503,2022,30,FALSE,premium,Legend
Wojciech Moranda,2589,Poland,263,2017,2023,2192,2605,2020,3,0,3,2978,3069,2023,437,71,239,2864,2945,2020,350,43,252,3177,2019,46,FALSE,premium,Silver
Vladimir Belous,2588,United States,219,2016,2023,2340,2787,2021,49,1,12,2847,2907,2023,1066,167,627,2811,2903,2021,964,80,686,3732,2023,59,FALSE,premium,Crystal
Pouya Idani,2588,Iran,333,2016,2023,2486,2662,2020,8,5,4,2702,2848,2020,313,56,187,2801,2885,2021,57,9,54,2950,2022,64,FALSE,premium,Silver
Sipke Ernst,2587,Netherlands,158,2009,2023,2187,2187,2021,24,4,15,2633,2759,2021,240,52,154,2696,2546,2019,15,0,3,3105,2019,65,FALSE,premium,Bronze
Humpy Koneru,2586,India,1112,2014,2022,2342,2719,2020,24,16,13,2689,2712,2022,47,23,52,2598,2649,2021,19,12,23,2791,2022,62,FALSE,premium,Wood
Akshayraj Kore,2585,United States,117,2011,2023,2215,2215,2023,11,0,1,2709,2811,2023,5677,863,3862,2583,2610,2022,109,11,64,3472,2023,33,FALSE,premium,Legend
Ronen Har-Zvi,2584,Israel,59,2010,2023,2408,2637,2022,10,4,6,2692,2917,2020,190,25,65,2764,2771,2023,97,8,59,1741,2023,57,FALSE,premium,Silver
Nikita Meshkovs,2582,Latvia,558,2013,2023,2496,2608,2020,15,3,9,2742,2932,2019,5607,814,4340,2812,2892,2022,1035,151,848,4255,2019,53,FALSE,premium,Crystal
Aleksandra Goryachkina,2582,Russia,509,2016,2023,2552,2695,2020,11,5,2,2659,2744,2023,676,261,378,2650,1969,2020,2,0,3,3881,2022,66,FALSE,premium,Wood
Velimir Ivic,2581,Serbia,180,2016,2023,2431,2431,2022,22,6,15,2918,2988,2022,2114,359,1542,2964,3057,2020,2399,292,1993,3718,2023,70,FALSE,premium,Silver
Sergey Grigoriants,2580,Hungary,1677,2016,2023,2344,2696,2020,6,1,4,2909,2990,2020,2305,1028,2267,2712,2731,2017,175,30,163,3393,2020,69,FALSE,premium,Crystal
NoÃ«l Studer,2579,Switzerland,115,2017,2023,2433,2531,2020,15,1,9,2624,2774,2021,1759,296,1668,2603,2700,2020,92,13,74,2307,2021,44,FALSE,premium,Silver
GM Merab Gagunashvili,2578,Georgia,22,2018,2023,2467,2655,2021,24,2,11,2751,2800,2022,346,116,265,2543,2549,2019,240,48,261,2854,2021,42,FALSE,premium,Silver
Pawel Czarnota,2577,Poland,889,2010,2023,2502,2502,2020,2,0,0,2898,2931,2022,222,46,140,2730,2730,2021,170,27,105,3795,2023,60,FALSE,premium,Stone
Bardiya Daneshvar,2577,Iran,132,2019,2023,2504,2595,2021,24,11,8,2938,3037,2023,379,78,203,2855,2882,2023,147,20,103,3639,2023,60,FALSE,premium,Elite
Alexey Korotylev,2575,Russia,126,2016,2023,2048,2048,2021,3,0,0,2897,2948,2020,1110,170,574,2560,2821,2021,2860,101,319,2574,2020,43,FALSE,premium,Crystal
Semen Khanin,2575,United States,214,2016,2023,2464,2748,2020,66,16,28,2867,2960,2022,4809,1175,4498,2652,2698,2020,44,1,24,3676,2022,69,FALSE,premium,Elite
Oliver Barbosa,2575,United States,490,2010,2023,2368,2811,2021,97,38,15,2758,2937,2020,338,82,161,2754,3009,2011,650,42,334,3401,2023,51,FALSE,premium,Silver
Kirill Stupak,2575,Belarus,94,2018,2023,2561,2561,2022,74,23,12,2832,2946,2020,965,193,794,2871,2928,2020,556,72,503,400,2022,48,FALSE,premium,Silver
Guillermo Vazquez,2575,Paraguay,349,2016,2023,2581,2661,2020,43,20,14,2976,3030,2020,2804,715,1771,2907,2975,2020,806,127,485,4529,2019,93,FALSE,premium,Bronze
Nico Georgiadis,2575,Switzerland,159,2018,2023,2544,2618,2020,1,4,0,2687,2901,2018,1121,239,839,2691,2691,2020,71,4,38,3323,2022,49,FALSE,premium,Crystal
Carlos Daniel Albornoz Cabrera,2573,Cuba,120,2018,2023,2494,2558,2020,33,22,13,2754,2945,2021,502,102,276,2800,2811,2021,245,34,128,3392,2019,45,FALSE,premium,Silver
Klementy Sychev,2572,Russia,281,2017,2023,2539,2743,2020,55,26,49,2853,2948,2022,909,172,519,2853,2853,2022,46,6,22,2880,2020,73,FALSE,premium,Crystal
Yuri Vovk,2571,Ukraine,825,2007,2023,2254,2254,2022,1,1,0,2802,2883,2023,2336,380,1844,2542,2655,2014,369,32,248,2754,2014,41,FALSE,premium,Silver
Emilio Cordova,2571,Peru,617,2017,2023,2458,2609,2019,18,4,9,2872,2983,2021,1299,274,1146,2756,2879,2021,54,6,31,1303,2019,57,FALSE,premium,Silver
Sune Berg Hansen,2570,Denmark,309,2018,2023,2517,2542,2020,16,10,7,2742,2797,2023,4741,802,3226,2467,2686,2020,149,15,88,3068,2021,40,FALSE,premium,Legend
Rogelio Barcenilla,2570,Philippines,566,2010,2023,2302,2460,2020,124,42,49,2914,2983,2022,583,91,279,2960,3022,2022,5408,417,3716,3573,2023,38,FALSE,premium,Silver
JosÃ© Carlos Ibarra Jerez,2569,Spain,3055,2013,2023,2539,2791,2022,89,42,53,2942,2975,2023,3099,539,1258,2827,3035,2023,2639,254,1422,3323,2023,69,TRUE,premium,Legend
Krasimir Rusev,2569,International,1519,2013,2023,2419,2635,2020,54,3,7,2710,2792,2021,2915,407,2210,2701,2841,2022,7132,821,5858,2363,2016,45,FALSE,premium,Silver
Tomas Laurusas,2567,Lithuania,634,2013,2023,2444,2478,2021,87,7,43,2799,2911,2021,5984,943,4261,2760,2979,2021,4505,521,2964,3814,2022,50,FALSE,premium,Elite
Vitaly Kunin,2566,Germany,123,2016,2023,2006,2006,2021,1,0,0,2579,2655,2019,186,36,126,2395,2609,2016,62,10,54,2000,2019,43,FALSE,premium,Bronze
Dmitry Kryakvin,2566,Tanzania,99,2013,2023,2490,2589,2019,10,13,2,2724,2800,2021,575,236,287,2249,2249,2020,6,0,1,2463,2019,59,FALSE,premium,Silver
Robert Fontaine,2565,Switzerland,300,2013,2023,2558,2558,2018,3,0,0,2621,2790,2020,3901,644,2809,2562,2690,2023,292,25,126,1557,2022,45,FALSE,premium,Silver
Gukesh D,2563,India,1353,2017,2023,2729,2853,2023,34,18,15,3059,3059,2023,1876,265,1410,3117,3193,2023,795,84,713,3158,2021,79,FALSE,premium,Bronze
Neuris Delgado Ramirez,2563,Paraguay,585,2013,2023,2534,2670,2020,49,18,13,2663,2829,2020,194,26,89,2722,2751,2023,75,9,58,3127,2023,43,FALSE,premium,Bronze
Iniyan P,2562,India,213,2018,2023,2570,2622,2023,27,24,27,2805,2902,2020,1351,283,1032,2806,2865,2022,3322,403,2655,3812,2023,68,FALSE,premium,Crystal
Szymon Gumularz,2562,Poland,181,2020,2023,2442,2586,2020,5,3,2,2853,3002,2022,4968,1252,3368,2770,2946,2021,1000,147,643,3382,2022,51,FALSE,premium,Champion
Peter Michalik,2560,Czech Republic,576,2017,2023,2667,2869,2023,9,14,4,3000,3049,2023,5293,1652,4992,2876,2966,2020,1234,249,1135,2226,2020,48,FALSE,premium,Champion
Melikset Khachiyan,2560,United States,2465,2009,2023,2588,2588,2022,9,2,2,2698,2792,2023,7357,1839,7038,2577,2577,2023,3913,451,2657,3673,2023,78,FALSE,premium,Elite
Krikor Sevag Mekhitarian,2560,Brazil,24624,2008,2023,2557,2630,2022,186,37,79,2783,2974,2020,11846,2093,5772,2785,2888,2020,4418,316,1703,3780,2023,85,TRUE,staff,Legend
Dmitry Gordievsky,2559,Argentina,365,2016,2023,2478,2542,2022,35,8,19,2909,2989,2023,1551,293,1093,2908,2940,2023,974,137,838,3237,2016,47,FALSE,premium,Silver
Minh Tran Tuan,2558,Vietnam,415,2017,2023,2406,2560,2020,24,1,6,2841,2929,2020,1082,162,748,3003,3079,2021,1299,153,1262,3270,2022,42,FALSE,premium,Elite
Leon Luke Mendonca,2558,Dominican Republic,107,2014,2023,2567,2596,2023,10,9,6,2745,2853,2023,1317,285,921,2775,2775,2023,667,39,382,3256,2023,64,FALSE,premium,Crystal
Martin Petrov,2556,Bulgaria,66,2020,2023,2301,2552,2020,22,8,15,2712,2726,2020,297,44,245,2507,2507,2022,45,3,31,3417,2023,69,FALSE,premium,Crystal
Kateryna Lagno,2556,Russia,430,2018,2023,2395,2463,2020,9,11,10,2901,2901,2023,567,143,300,2704,2722,2022,68,27,41,3710,2022,52,FALSE,premium,Silver
Anuar Ismagambetov,2556,Kazakhstan,288,2017,2023,2589,2646,2020,22,5,3,2758,2872,2020,685,106,356,2766,2622,2020,133,6,56,4038,2018,50,FALSE,premium,Wood
Josh Friedel,2555,United States,128,2009,2023,2105,2512,2020,1,0,1,2720,2720,2021,304,42,181,2662,2692,2021,412,38,303,3470,2020,75,FALSE,premium,Wood
Ben Finegold,2555,United States,16870,2017,2023,2316,2516,2020,36,4,2,2750,2830,2022,7128,410,1571,2543,2793,2017,5429,254,1303,3603,2022,51,TRUE,premium,Champion
Srinath Narayanan,2553,India,1164,2017,2023,2551,2865,2020,25,17,20,2888,3132,2019,1778,335,1171,2929,3018,2019,2362,322,2332,2206,2019,61,FALSE,premium,Crystal
Diptayan Ghosh,2553,India,172,2014,2023,2556,2842,2019,25,19,22,2897,2945,2020,1042,312,698,2839,2898,2020,456,37,307,1794,2019,42,FALSE,premium,Bronze
Nikita Petrov,2552,Montenegro,174,2016,2023,2542,2655,2023,55,6,2,2993,2993,2023,1034,212,546,2960,2980,2022,925,122,507,3775,2023,75,FALSE,premium,Silver
Vahap Sanal,2551,Turkey,2139,2015,2023,2535,2632,2020,64,18,44,2916,3065,2023,7240,1264,6917,2896,3022,2023,1393,161,1367,3634,2021,60,FALSE,premium,Elite
Aditya Mittal,2551,India,578,2012,2023,2501,2517,2023,167,59,137,2873,2988,2023,3811,998,3427,2800,2913,2023,4382,673,4388,4536,2019,94,FALSE,premium,Champion
David Smerdon,2550,Australia,678,2013,2023,2534,2534,2018,1,0,0,2571,2668,2013,4170,641,1629,2256,2671,2016,89,12,42,3026,2019,58,FALSE,premium,Bronze
Daniil Lintchevski,2550,Russia,111,2015,2023,2347,2347,2020,10,3,1,2936,2979,2019,1505,399,795,2844,3054,2021,587,64,242,3128,2023,54,FALSE,premium,Stone
Tal Baron,2550,Israel,215,2016,2023,1923,1923,2021,4,1,1,2836,2906,2020,577,88,425,2680,2758,2021,1740,180,1495,2804,2022,41,FALSE,premium,Silver
Allan Stig Rasmussen,2550,Denmark,66,2013,2023,2495,2495,2021,9,0,2,2623,2836,2021,647,66,495,2800,2826,2022,645,45,388,3403,2021,52,FALSE,premium,Crystal
Alexandra Kosteniuk,2550,International,4206,2013,2023,2491,2622,2021,68,52,94,2799,2817,2022,2505,564,1285,2742,2779,2021,686,96,474,2700,2023,64,TRUE,staff,Elite
Jeffery Xiong,2550,United States,1713,2013,2023,2712,2838,2020,131,104,51,2964,3107,2022,1723,421,552,3060,3211,2020,556,83,294,4439,2022,145,TRUE,premium,Champion
Felipe El Debs,2550,Brazil,1130,2013,2023,2578,2578,2021,4,4,1,2629,2830,2022,716,144,552,2526,2780,2020,294,27,236,3827,2023,62,FALSE,premium,Crystal
Marian Petrov,2549,Bulgaria,732,2013,2023,2483,2483,2023,72,12,24,2691,2722,2023,3650,711,3438,2706,2706,2022,853,92,827,2850,2022,50,FALSE,premium,Silver
Momchil Nikolov,2549,Bulgaria,356,2016,2023,1638,1892,2019,5,0,1,2540,2712,2022,4339,583,3184,2403,2657,2021,2751,143,1957,3363,2022,53,FALSE,premium,Champion
Ivan Rozum,2549,Russia,89,2014,2023,2326,2483,2020,9,3,9,2751,2778,2020,416,64,331,2855,2787,2020,180,16,163,3389,2022,62,FALSE,premium,Wood
David Arutinian,2549,Georgia,1378,2013,2023,2413,2466,2022,58,5,12,2914,2942,2022,2571,585,1371,2776,2940,2022,896,118,541,3316,2023,63,TRUE,premium,Champion
Debashis Das,2548,India,281,2020,2023,2513,2691,2020,8,3,2,2819,2941,2021,709,198,703,2771,2801,2021,896,130,661,3589,2022,57,FALSE,premium,Silver
Tomas Sosa,2548,Argentina,194,2015,2023,2198,2565,2022,5,1,5,2837,2864,2023,813,159,633,2664,2749,2021,117,6,60,1210,2022,44,FALSE,premium,Silver
Pranav V,2547,India,923,2020,2023,2572,2784,2022,56,6,34,2915,3066,2023,3422,462,2436,3067,3216,2021,5867,529,5726,3868,2023,70,FALSE,premium,Champion
Nitzan Steinberg,2546,Israel,205,2016,2023,2467,2542,2020,37,13,21,2883,2983,2023,2116,423,1258,2876,2987,2021,1209,164,747,3758,2023,58,FALSE,premium,Champion
Andrey Sumets,2546,Ukraine,204,2011,2023,2230,2230,2021,1,0,0,2724,2869,2020,3005,627,2411,2522,2522,2021,53,8,40,3238,2022,47,FALSE,premium,Crystal
Morteza Mahjoob,2546,Iran,52,2017,2022,2022,2055,2019,16,13,5,2332,2500,2018,506,74,429,2704,2797,2018,29,3,21,2757,2019,54,FALSE,premium,Wood
Mikhail Demidov,2546,Russia,181,2017,2023,2587,2666,2023,9,16,7,2929,2955,2023,1540,521,1304,2921,2968,2023,500,76,457,3411,2023,60,FALSE,premium,Elite
Sergei Lobanov,2545,Armenia,36,2017,2023,2524,2570,2023,22,15,22,2788,2880,2023,1338,233,952,2786,2725,2020,532,80,538,4209,2018,51,FALSE,premium,Silver
Imre Balog,2545,Hungary,341,2011,2023,2575,2672,2020,9,3,7,2751,2835,2019,1920,233,587,2697,2840,2016,3817,209,1045,3144,2021,32,FALSE,premium,Stone
Lucas van Foreest,2544,Netherlands,271,2017,2023,2506,2537,2023,19,3,8,2825,2932,2023,1063,259,678,2838,2911,2023,169,29,131,5110,2019,57,FALSE,premium,Elite
Nicholas Pert,2543,United Kingdom,94,2010,2023,2569,2569,2020,1,0,0,2618,2767,2020,106,21,41,2548,2767,2021,418,18,127,3654,2023,63,FALSE,premium,Wood
Tuan Minh Le,2542,Vietnam,3930,2014,2023,2689,2690,2023,100,47,39,2990,3103,2023,8502,1770,4989,3125,3357,2020,14200,2288,13701,3537,2021,81,TRUE,premium,Legend
John Burke,2542,United States,185,2011,2023,2404,2835,2021,22,5,7,2815,2815,2022,384,34,166,2723,2922,2019,1152,105,510,3015,2013,55,FALSE,premium,Stone
Ruifeng Li,2541,United States,262,2012,2023,2579,2627,2022,278,32,367,2872,2923,2022,834,183,622,2850,2865,2023,197,25,108,3703,2023,51,FALSE,premium,Crystal
Marc Arnold,2540,United States,49,2013,2023,2305,2606,2021,7,0,2,2625,2735,2022,1571,286,1010,2446,2519,2013,24,7,9,1462,2023,65,FALSE,premium,Elite
Mahammad Muradli,2540,Azerbaijan,525,2019,2023,2534,2782,2020,58,29,44,2896,2987,2023,1521,187,931,2962,3025,2022,423,52,356,4013,2023,66,FALSE,premium,Elite
Federico Perez Ponsa,2538,Argentina,710,2015,2023,2624,2701,2021,33,20,18,2809,2973,2021,1280,308,854,3029,3265,2021,3295,532,2947,3234,2021,58,FALSE,premium,Champion
Andrew Tang,2538,United States,7358,2012,2023,2518,2969,2020,565,90,101,2878,3110,2019,3229,399,1856,3262,3504,2020,16575,1282,8195,3022,2020,58,FALSE,premium,Champion
Leonardo Tristan,2537,Argentina,90,2016,2023,2331,2686,2020,9,2,14,2786,2856,2022,1973,231,1286,2775,2836,2023,31,3,27,1200,2019,39,FALSE,premium,Crystal
Khalil Mousavi,2537,Iran,461,2019,2023,2372,2635,2020,16,7,5,2839,3022,2019,221,42,134,2857,3063,2020,301,34,162,3801,2023,82,FALSE,premium,Silver
Robert Aghasaryan,2537,United States,10164,2018,2023,2536,2536,2023,5,0,0,2429,2636,2021,493,93,143,2654,2784,2022,413,29,177,2820,2021,59,FALSE,premium,Bronze
Tomasz Warakomski,2537,Poland,111,2015,2023,1847,2086,2021,8,0,8,2593,2744,2019,247,28,61,2442,2760,2021,293,19,164,2937,2019,46,FALSE,premium,Bronze
Ioan-Cristian Chirila,2536,United States,806,2011,2023,2586,2715,2023,25,9,14,2686,2830,2019,4148,640,3198,2736,2815,2021,2714,344,2356,2899,2014,54,TRUE,premium,Silver
Sankalp Gupta,2536,India,350,2016,2023,2470,2490,2023,31,13,37,2845,2911,2022,1574,308,1528,2869,2931,2021,3638,458,3890,3843,2023,79,FALSE,premium,Crystal
Levan Aroshidze,2535,Spain,247,2012,2023,2265,2533,2020,10,1,0,2545,2660,2021,1160,111,749,2765,2765,2022,81,1,27,2275,2015,43,FALSE,premium,Bronze
Max Warmerdam,2535,Netherlands,141,2016,2023,2425,2686,2020,30,6,14,2842,2900,2021,607,84,317,2727,2867,2020,173,13,112,3005,2020,102,FALSE,premium,Bronze
Batchuluun Tsegmed,2534,Mongolia,42,2020,2023,2495,2656,2020,21,8,7,2674,2789,2020,154,38,118,2395,2793,2021,846,91,802,3284,2022,37,FALSE,premium,Crystal
igor-alexandre Nataf,2534,France,293,2014,2023,1946,2059,2019,15,0,6,2965,2965,2020,96,11,36,2499,2507,2020,107,8,62,3138,2022,66,FALSE,premium,Wood
GILBERTO HERNANDEZ,2533,Mexico,165,2017,2023,2467,2529,2020,3,1,2,2698,2859,2023,470,66,373,2691,2759,2020,5,0,2,2988,2020,36,FALSE,premium,Silver
Vlad Jianu,2532,Romania,147,2016,2023,2327,2428,2021,28,4,2,2680,2757,2021,774,94,264,2609,2747,2022,429,46,266,2852,2016,69,FALSE,premium,Silver
Matej Sebenik,2532,Slovenia,137,2016,2023,2418,2570,2019,6,6,9,2648,2679,2020,736,143,596,2169,2176,2016,1,0,2,3957,2021,45,FALSE,premium,Bronze
Gabor Nagy,2532,Hungary,171,2016,2023,2413,2571,2020,20,5,7,2787,2964,2020,3361,710,2481,2805,2931,2020,1997,224,1365,3194,2023,58,FALSE,premium,Crystal
Fabien Libiszewski,2531,France,2474,2014,2023,2434,2565,2017,31,2,3,2764,2827,2022,1704,255,860,2596,2757,2021,1806,174,901,2895,2023,48,FALSE,premium,Crystal
Vladislav Nevednichy,2531,Romania,58,2019,2023,2148,2500,2020,8,8,10,2672,2787,2022,2602,740,2147,2435,2477,2020,42,6,48,3462,2023,43,FALSE,premium,Champion
Mauricio Flores,2531,United States,727,2014,2023,2594,2656,2019,9,1,1,2827,2938,2022,1381,258,914,2793,2857,2022,3529,326,1877,2330,2015,46,FALSE,premium,Crystal
Konstantine Shanava,2531,Georgia,101,2017,2023,2003,2003,2023,29,0,2,2703,2856,2022,659,117,634,2712,2728,2021,768,62,742,3208,2023,98,FALSE,premium,Silver
Ilya Iljiushenok,2530,Russia,18,2020,2023,1863,1863,2021,6,0,1,2860,2860,2021,145,19,57,2670,2763,2020,77,4,33,2909,2020,67,FALSE,premium,Wood
Ivan Schitco,2530,Moldova,107,2011,2023,2445,2530,2022,19,8,7,2783,2875,2022,1864,397,1502,2717,2839,2020,271,43,181,3188,2021,56,FALSE,premium,Silver
Toms Kantans,2528,Latvia,180,2009,2023,2402,2673,2019,19,7,7,2641,2812,2023,2540,329,1863,2678,2786,2020,565,64,365,3300,2023,57,FALSE,premium,Elite
Athanasios Mastrovasilis,2528,Greece,270,2019,2023,2088,2549,2019,25,8,7,2724,2824,2022,1753,335,792,2754,2754,2022,4,0,1,3162,2022,41,FALSE,premium,Champion
Nicolas Checa,2527,United States,139,2008,2023,2238,2488,2019,21,6,6,2882,3008,2023,2822,600,1727,2857,2928,2023,1805,207,1036,3378,2023,57,FALSE,premium,Champion
Petar Genkov Genov,2526,Bulgaria,74,2013,2023,2127,2497,2020,19,0,3,2098,2341,2013,62,7,29,2186,2271,2014,191,8,92,3545,2023,61,FALSE,premium,Stone
Vishnu Prasanna,2526,India,643,2009,2023,2096,2401,2020,12,1,10,2622,2825,2019,2009,174,1384,2674,2737,2017,1077,37,803,3658,2023,71,FALSE,premium,Silver
Zoltan Medvegy,2526,Hungary,458,2013,2023,2581,2581,2022,161,8,3,2588,2681,2018,1945,202,1057,2713,2645,2018,322,21,143,3201,2023,46,FALSE,premium,Stone
Arjun Erigaisi,2526,India,2566,2015,2023,2661,2829,2023,121,57,49,3089,3154,2023,3812,851,2587,3110,3236,2020,7957,1143,5511,3945,2023,88,FALSE,premium,Elite
Alexander Rustemov,2525,Russia,3092,2020,2023,2704,2704,2023,138,51,95,2885,2988,2023,10113,3037,10128,2772,2775,2023,14,3,3,3547,2023,70,FALSE,premium,Legend
Rashad Babaev,2525,United States,295,2014,2023,1283,2200,2016,17,16,30,2458,2507,2022,304,36,229,2136,2176,2021,27,1,12,2563,2019,42,FALSE,premium,Bronze
Carlos Andres ObregÃ³n,2525,Argentina,153,2021,2022,2607,2822,2022,4,1,2,2938,2938,2022,305,48,260,2765,2780,2021,3,0,2,3180,2022,59,FALSE,premium,Crystal
Roberto G Pantoja,2525,Cuba,120,2018,2023,2455,2494,2020,31,9,11,2659,2831,2020,662,89,384,2506,2513,2020,12,3,12,3021,2022,50,FALSE,premium,Silver
Yan Liu,2524,China,43,2017,2023,2459,2832,2020,5,6,4,2801,2891,2020,811,139,426,2620,2623,2021,55,2,28,4348,2019,52,FALSE,premium,Bronze
Xu Yi,2524,China,489,2018,2023,2465,2714,2022,82,56,56,2725,2927,2022,557,117,233,2553,2625,2021,85,13,47,3948,2022,97,FALSE,premium,Crystal
Volodymyr Vetoshko,2523,Ukraine,251,2013,2023,2476,2553,2023,7,6,7,2680,2827,2020,1923,522,1717,2650,2683,2019,117,32,109,3219,2023,63,FALSE,premium,Silver
Francesco Sonis,2523,Italy,663,2014,2023,2472,2691,2020,115,13,34,2811,2977,2021,14993,2282,12071,2761,2800,2022,367,28,247,3255,2022,60,FALSE,premium,Legend
Ilja Zaragatski,2522,Germany,218,2012,2023,2475,2598,2022,13,1,5,2555,2630,2021,1051,83,772,2570,2438,2019,326,29,177,2747,2017,62,FALSE,premium,Stone
Visakh NR,2522,India,380,2018,2023,2500,2574,2022,38,20,26,2819,2886,2022,2164,703,1420,2869,2920,2020,461,72,267,3920,2020,82,FALSE,premium,Crystal
Marcin KrzyÅ¼anowski,2521,Poland,104,2015,2023,2397,2471,2023,1,0,2,2785,2903,2022,986,169,842,2734,2806,2023,361,31,395,3330,2020,53,FALSE,premium,Silver
Jakov Geller,2521,Russia,28,2017,2023,2710,2377,2020,8,1,0,2675,2721,2020,75,7,39,2803,2821,2022,594,58,342,3766,2023,71,FALSE,premium,Bronze
Luka Budisavljevic,2519,Serbia,66,2019,2023,2368,2609,2020,34,14,34,2601,2637,2022,135,23,136,2664,2726,2022,209,29,297,2765,2022,48,FALSE,premium,Silver
Roman Ovetchkin,2518,Russia,106,2015,2023,2277,2455,2020,10,5,7,2626,2797,2022,366,72,239,2727,2727,2022,39,2,8,2540,2022,59,FALSE,premium,Bronze
Denis Lazavik,2515,Belarus,322,2017,2023,2733,2808,2020,87,79,33,3038,3083,2023,1784,464,922,3147,3151,2023,853,119,588,4240,2023,106,FALSE,premium,Elite
Sahaj Grover,2515,India,357,2016,2023,2369,2681,2020,10,3,9,2778,2778,2023,439,63,314,2734,2764,2020,1417,132,1323,3711,2022,71,FALSE,premium,Silver
Maciej Klekowski,2514,Poland,313,2013,2023,2420,2541,2020,6,3,12,2710,2931,2019,3882,597,2900,2904,2918,2023,1418,142,1125,3713,2023,64,FALSE,premium,Elite
Twan Burg,2514,Netherlands,15,2020,2023,2271,2418,2021,22,10,10,2742,2820,2023,60,7,21,2640,2698,2020,6,0,3,2527,2021,38,FALSE,premium,Stone
Marcin Tazbir,2513,Poland,747,2014,2023,2030,2120,2022,26,3,1,2773,2971,2021,727,216,411,2817,2886,2021,1096,152,610,3347,2022,53,FALSE,premium,Silver
GeminiBoy,2513,China,40,2014,2023,1847,2000,2014,5,0,4,2874,2920,2022,545,54,282,2591,2692,2021,20,1,8,2981,2020,53,FALSE,premium,Silver
Nikola Nestorovic,2513,Serbia,508,2013,2023,2479,2791,2023,2,1,3,2616,2721,2019,815,158,731,2661,2723,2022,283,26,230,2787,2013,40,FALSE,premium,Silver
Steven Zierk,2512,United States,434,2009,2023,2722,2771,2020,7,2,5,2861,3005,2022,1118,186,562,2901,2805,2019,264,14,115,3704,2020,79,FALSE,premium,Stone
Aydin Suleymanli,2512,Azerbaijan,679,2018,2023,2555,2620,2023,81,31,60,2916,2972,2023,1365,203,1126,3076,3105,2023,814,81,670,3642,2022,58,FALSE,premium,Elite
Angel Arribas Lopez,2512,United States,182,2013,2023,2163,2543,2020,12,1,6,2623,2802,2021,553,78,376,2739,2774,2017,1026,125,760,1433,2022,48,FALSE,premium,Stone
Sergey Zablotsky,2511,Russia,477,2016,2023,2380,2772,2020,41,0,2,2711,2792,2022,1606,309,1511,2497,2501,2016,55,2,23,3364,2023,41,FALSE,premium,Silver
Vugar Rasulov,2511,Azerbaijan,345,2016,2023,2595,2621,2022,177,44,60,2894,2993,2023,6243,1085,2549,2868,2957,2021,1310,129,504,2836,2019,68,FALSE,premium,Legend
Sam Sevian,2511,United States,828,2012,2023,2754,2772,2022,116,90,45,3017,3125,2023,3018,583,1561,3047,3146,2019,821,96,484,4187,2021,68,FALSE,premium,Elite
Arjun Kalyan,2509,India,101,2018,2023,2408,2495,2023,25,16,33,2752,2847,2022,802,220,624,2666,2806,2020,46,5,43,3292,2022,73,FALSE,premium,Silver
Abhimanyu Puranik,2509,India,608,2014,2023,2577,2660,2023,11,9,11,2979,2991,2023,1030,191,769,2686,2721,2022,96,8,56,3760,2023,70,FALSE,premium,Silver
Alexander Moskalenko,2508,Czech Republic,950,2015,2023,2435,2509,2022,14,3,8,2853,2968,2020,2815,969,2267,2670,2911,2021,543,108,554,3285,2023,60,FALSE,premium,Crystal
Yunguo Wan,2508,China,15,2020,2023,2201,2589,2021,3,0,1,2654,2721,2020,119,14,110,2703,2553,2020,1,0,0,3218,2020,43,FALSE,premium,Stone
Viacheslav Tilicheev,2507,Bulgaria,86,2020,2023,2374,2747,2022,18,10,2,2661,2741,2023,97,25,48,2745,2796,2022,231,33,120,2500,2022,51,FALSE,premium,Bronze
Aryan Gholami,2507,Iran,368,2017,2023,2249,2545,2020,17,6,10,2745,2822,2021,1510,276,1313,2592,2684,2021,975,97,764,3054,2020,59,FALSE,premium,Silver
Nguyen Duc Hoa,2507,Vietnam,218,2014,2023,2322,2348,2022,23,4,20,2540,2743,2021,6152,651,5710,2341,2489,2015,259,9,214,2577,2018,41,FALSE,premium,Silver
Emanuel Berg,2506,Sweden,23,2014,2023,2453,2613,2022,24,11,11,2775,2775,2023,155,24,91,2590,2627,2021,43,6,16,3757,2023,59,FALSE,premium,Silver
Julio Becerra,2506,United States,1004,2009,2023,2357,2537,2020,97,7,5,2876,2913,2019,2147,429,1427,2710,2747,2022,1139,122,653,3685,2023,65,FALSE,premium,Elite
Tiberiu Georgescu,2505,Romania,194,2015,2023,2003,2003,2021,1,0,0,2623,2690,2023,857,169,659,2531,2679,2023,1980,306,1722,2590,2022,40,FALSE,premium,Silver
Arman Mikaelyan,2504,United States,123,2016,2023,2373,2555,2020,38,17,25,2906,2971,2023,2340,466,2026,2730,2909,2023,266,37,192,3556,2022,53,FALSE,premium,Elite
Maxim Lugovskoy,2504,Russia,160,2014,2022,2226,2218,2022,35,3,19,2802,2802,2022,916,168,639,2700,2744,2022,949,95,889,3213,2020,42,FALSE,premium,Silver
Walter Arencibia,2504,Cuba,214,2014,2023,1848,2401,2020,12,1,2,2617,2720,2023,2595,395,2041,2425,2576,2021,877,59,580,3363,2023,41,FALSE,premium,Elite
Daniel Sadzikowski,2503,Poland,153,2014,2023,2686,2759,2022,4,1,0,2615,2655,2020,362,135,243,2501,2662,2020,70,15,47,3450,2023,61,FALSE,premium,Bronze
Nasanjargal Urtnasan,2503,Mongolia,113,2018,2023,2213,2398,2021,16,11,11,2630,2808,2021,490,76,444,2619,2772,2023,4,0,10,2537,2023,43,FALSE,premium,Silver
Shahin Lorparizangeneh,2502,Iran,716,2011,2023,1687,1687,2022,4,1,0,2692,2903,2019,3005,572,1946,2816,2857,2020,1206,162,792,3030,2022,50,FALSE,premium,Champion
Novendra Priasmoro,2502,Indonesia,505,2015,2023,2311,2597,2020,52,13,34,2760,2939,2022,1765,249,1165,2777,2978,2021,4234,502,3425,4841,2019,53,FALSE,premium,Crystal
Petr Kiryakov,2502,United Arab Emirates,417,2013,2023,2098,2098,2018,1,0,0,2707,2785,2021,1672,269,935,2534,2612,2021,22,1,3,2706,2018,43,FALSE,premium,Bronze
Andrey Gutov,2501,United States,6404,2016,2023,2940,2940,2023,99,0,1,2514,2514,2022,98,6,17,2221,2258,2021,31,0,4,4015,2023,68,FALSE,premium,Wood
Misa Pap,2501,Serbia,250,2007,2023,2513,2527,2022,48,10,17,2680,2772,2020,649,117,668,2600,2641,2012,167,22,180,3516,2023,56,FALSE,premium,Bronze
Wei Ming Kevin Goh,2501,Singapore,686,2009,2023,2133,2475,2020,30,13,23,2682,2814,2022,1397,209,1223,2486,2593,2021,76,4,58,3461,2022,57,FALSE,premium,Silver
amirreza pourramezanali,2501,Iran,423,2015,2023,2255,2255,2021,4,0,0,2593,2920,2019,1315,270,1501,2769,3108,2018,63,11,62,3181,2022,57,FALSE,premium,Bronze
Oskar Wieczorek,2500,International,434,2014,2023,2369,2369,2023,11,0,1,2739,2832,2022,4720,881,4717,2715,2826,2021,3516,430,3636,3744,2022,53,FALSE,premium,Crystal
Robin Swinkels,2500,Netherlands,23,2014,2023,1837,1837,2021,17,3,0,2645,2645,2023,69,14,21,2597,2597,2020,121,3,42,3404,2023,61,FALSE,premium,Bronze
Michael Oratovsky,2500,Spain,65,2015,2023,420,2200,2015,2,3,4,2614,2665,2020,406,43,288,2568,2507,2018,85,10,66,3205,2022,50,FALSE,premium,Silver
Moulthun Ly,2500,Australia,643,2011,2023,2436,2729,2020,31,13,7,2826,2943,2022,2225,397,1531,2719,2780,2020,440,27,200,3391,2023,58,FALSE,premium,Crystal
Simon Williams,2500,United Kingdom,56052,2013,2023,2307,2469,2019,80,12,39,2646,2808,2023,12318,1632,10191,2565,2675,2013,164,15,100,2286,2017,41,TRUE,premium,Champion
Keith Arkell,2500,United Kingdom,259,2016,2023,2351,2520,2021,122,31,17,2502,2745,2019,3229,525,1534,2473,2517,2021,453,41,284,2703,2023,45,FALSE,premium,Champion
Irina Krush,2500,United States,508,2009,2023,2220,2449,2020,13,7,12,2381,2523,2021,230,27,179,2368,2548,2021,37,6,35,3496,2023,30,FALSE,premium,Stone
Jose Gabriel Cardoso,2500,Colombia,455,2014,2023,2488,2518,2023,22,7,13,2797,2869,2021,1782,257,1332,2887,3142,2023,2468,286,2034,3519,2023,83,FALSE,premium,Crystal
Justin Tan,2500,Australia,204,2015,2023,2047,2515,2020,5,0,2,2900,2975,2023,4217,761,3397,2879,2770,2018,791,74,506,3072,2019,58,FALSE,premium,Bronze
ElGasanov,2500,Ukraine,63,2018,2023,2421,2544,2020,6,3,3,2734,2856,2021,376,47,178,2489,2365,2018,21,0,10,3285,2022,62,FALSE,premium,Wood
Dusan Popovic,2500,Serbia,136,2015,2023,1906,2000,2016,3,2,0,2840,2890,2023,890,144,620,2819,2891,2023,98,10,52,3266,2021,53,FALSE,premium,Bronze
Timur Gareyev,2500,United States,251,2013,2023,2620,2636,2023,25,7,27,2773,2937,2022,441,34,200,2756,2767,2023,202,11,143,2781,2013,33,FALSE,premium,Silver
Pavel Kotsur,2500,Kazakhstan,41,2018,2023,1954,2476,2020,15,7,9,2619,2828,2019,1269,253,1060,2476,2344,2019,27,2,19,2859,2019,40,FALSE,premium,Stone
Girish Koushik,2499,United Kingdom,102,2016,2023,2313,2326,2020,6,1,3,2684,2777,2020,553,62,225,2545,2395,2020,57,1,13,3417,2023,64,FALSE,premium,Wood
Miloje Ratkovic,2499,Serbia,411,2019,2023,2301,2514,2020,31,5,10,2567,2858,2020,765,149,824,2562,2711,2023,90,18,128,2415,2019,48,FALSE,premium,Silver
Jose Rafael Gascon,2498,Andorra,1517,2013,2023,2431,2679,2020,80,14,12,2494,2779,2023,5170,943,4769,2617,2684,2023,648,71,669,3581,2022,61,TRUE,premium,Legend
Carlos Matamoros,2498,Ecuador,3318,2017,2023,2440,2520,2023,15,9,16,2622,2688,2023,818,71,218,2531,2684,2022,896,82,504,2538,2021,44,TRUE,staff,Crystal
Dmitry Maximov,2497,Ukraine,135,2018,2023,2552,2552,2022,1,0,0,2790,2860,2022,1677,242,1637,2655,2802,2022,42,3,21,2905,2022,55,FALSE,premium,Crystal
Rahul Srivatshav P,2496,India,475,2014,2023,2490,2797,2020,33,9,20,2745,2884,2020,1399,232,1166,2643,2791,2020,776,87,588,3199,2018,75,FALSE,premium,Silver
Lev Yankelevich,2496,Germany,117,2012,2023,1465,1465,2013,1,0,0,2440,2724,2022,1884,391,1553,2413,2618,2021,525,53,445,3538,2023,44,FALSE,premium,Elite
Vignesh N.R,2495,India,509,2018,2023,2530,2530,2021,3,0,0,2812,2889,2021,1911,544,1573,2446,2447,2018,1,1,2,4556,2019,74,FALSE,premium,Silver
Razvan Preotu,2495,Canada,133,2014,2023,2501,2748,2021,61,14,41,2738,2833,2020,4326,649,2958,2867,2867,2021,208,19,120,3067,2021,54,FALSE,premium,Silver
Bilel Bellahcene,2495,Algeria,333,2016,2023,2483,2483,2021,2,0,0,2682,2708,2023,1007,135,684,2646,2675,2023,353,47,219,3062,2022,42,FALSE,premium,Crystal
Magesh Chandran Panchanathan,2494,United States,402,2009,2023,1408,2000,2015,5,1,3,2651,2750,2020,477,66,289,2186,2270,2020,40,3,35,3414,2023,46,FALSE,premium,Bronze
Michal Matuszewski,2494,Poland,59,2014,2023,2384,2384,2020,19,0,1,2321,2501,2020,57,9,42,2129,2171,2020,17,0,20,2696,2021,27,FALSE,premium,Stone
Ð—ÑƒÐ±Ð°Ñ€ÐµÐ² ÐÐ»ÐµÐºÑÐ°Ð½Ð´Ñ€,2494,Ukraine,30,2019,2023,2257,2465,2020,7,1,5,2549,2595,2021,421,52,252,2361,2481,2020,3,0,3,2450,2020,62,FALSE,premium,Silver
Dimitri Komarov,2493,United Arab Emirates,50,2019,2023,2358,2392,2020,1,2,0,2507,2547,2020,182,48,46,2617,2617,2020,2,2,0,2979,2022,40,FALSE,premium,Bronze
Harika Dronavalli,2492,India,881,2017,2023,2437,2624,2020,52,39,60,2682,2748,2021,314,177,190,2649,2699,2022,52,28,40,1268,2021,51,FALSE,premium,Silver
Ulvi Sadikhov,2491,Turkey,72,2016,2023,2579,2579,2021,16,9,5,2751,2817,2019,595,138,514,2672,2825,2021,268,50,210,4602,2022,62,FALSE,premium,Silver
Daniel Fernandez,2490,England,89,2018,2023,2324,2586,2020,4,3,2,2741,2883,2019,1165,260,889,2747,2982,2020,536,78,406,3533,2022,53,FALSE,premium,Silver
Sergey Volkov,2490,Russia,180,2014,2023,2566,2708,2020,128,38,44,2734,2886,2023,440,92,317,2465,2374,2019,14,0,11,1300,2020,38,FALSE,premium,Silver
Artem Chernobay,2490,Russia,78,2018,2023,2383,2500,2020,11,0,2,2633,2730,2020,936,106,821,2473,2523,2020,21,4,32,3663,2023,62,FALSE,premium,Bronze
Swayams Mishra,2489,India,801,2009,2023,2115,2612,2020,2,5,4,2552,2714,2020,488,88,411,2653,2833,2022,1047,118,987,3626,2022,66,FALSE,premium,Silver
David LariÃ±o Nieto,2489,Spain,173,2017,2023,2256,2350,2023,3,0,6,2745,2791,2021,190,31,126,2643,2713,2022,27,3,9,2847,2020,44,FALSE,premium,Bronze
Johan Salomon,2489,Norway,154,2010,2023,2371,2507,2020,19,1,5,2522,2715,2019,2312,275,1584,2786,2786,2023,421,42,273,2946,2019,45,FALSE,premium,Stone
Lin Chen,2489,China,218,2017,2023,1833,2020,2021,42,6,10,2815,2816,2022,166,56,97,2500,2305,2018,9,0,2,3709,2022,49,FALSE,premium,Stone
Felix Blohberger,2488,Austria,75,2015,2023,2377,2440,2023,9,5,12,2638,2800,2022,1268,411,1371,2864,2890,2023,2930,509,2761,3318,2022,54,FALSE,premium,Crystal
Lance Henderson de La Fuente,2484,Spain,45,2012,2023,2359,2470,2020,18,7,12,2665,2770,2019,2747,527,2164,2642,2643,2021,327,25,184,3550,2021,47,FALSE,premium,Stone
Petar G. Arnaudov,2484,Bulgaria,539,2011,2023,2368,2426,2020,10,5,5,2657,2774,2022,4453,897,4342,2527,2527,2021,126,4,84,2901,2021,40,FALSE,premium,Bronze
Kayden Troff,2483,United States,710,2009,2023,2535,2535,2020,6,0,7,2811,2850,2023,255,38,142,2831,2891,2021,1081,96,666,3789,2023,62,FALSE,premium,Crystal
Ð Ð°Ð¼Ð¸Ð»ÑŒ Ð¥Ð°ÑÐ°Ð½Ð³Ð°Ñ‚Ð¸Ð½,2479,Serbia,52,2017,2023,1427,2502,2018,2,1,4,2730,2772,2023,1165,275,868,2599,2449,2020,177,35,43,2596,2021,56,FALSE,premium,Crystal
Zhansaya Abdumalik,2478,Kazakhstan,631,2020,2023,2499,2514,2020,14,5,7,2712,2735,2020,226,55,181,2629,2691,2021,34,8,38,3352,2023,42,TRUE,premium,Silver
Adham Fawzy,2476,Egypt,1475,2017,2023,2408,2541,2020,21,5,13,2763,2878,2020,2910,725,3041,2942,3014,2023,485,56,344,2907,2023,72,FALSE,premium,Silver
Ð¡ÐµÑ€Ð³ÐµÐ¹ Ð˜ÑÐºÑƒÑÐ½Ñ‹Ñ…,2473,Russia,23,2019,2023,2294,2565,2020,12,5,20,2638,2727,2023,923,150,577,2634,2634,2021,1,0,0,3790,2023,70,FALSE,premium,Silver
Stanislav Savchenko,2473,Ukraine,40,2019,2023,2500,1571,2019,1,0,2,2407,2563,2021,502,90,319,2390,2425,2023,5,0,8,3795,2023,61,FALSE,premium,Silver
KÄ±vanÃ§ HaznedaroÄŸlu,2472,Turkey,528,2018,2023,2346,2551,2020,19,10,16,2669,2935,2021,1485,299,1060,2503,2557,2021,59,7,61,3567,2023,51,FALSE,premium,Crystal
Daniel Semcesen,2471,Sweden,31,2012,2023,2400,1939,2012,3,0,2,2447,2647,2023,1677,210,1178,2347,2560,2021,218,26,177,3449,2022,37,FALSE,premium,Elite
Miroslav Miljkovic,2468,Serbia,317,2014,2023,2267,2411,2022,13,18,4,2458,2647,2019,512,127,373,2653,2717,2020,1139,178,964,3255,2021,55,FALSE,premium,Bronze
Volodar Murzin,2465,Russia,243,2017,2023,2431,2512,2022,18,12,7,2876,2882,2022,736,114,446,2741,2850,2022,85,3,21,3348,2020,51,FALSE,premium,Stone
Sergey Kasparov,2465,Armenia,624,2014,2023,2538,2538,2020,1,4,0,2614,2800,2022,1135,443,1224,2256,2194,2017,2,0,2,400,2014,29,FALSE,premium,Bronze
Artur Gabrielian,2465,Russia,64,2015,2023,2405,2844,2020,26,6,30,2778,2850,2021,1396,297,984,2706,2810,2018,31,5,47,2664,2017,47,FALSE,premium,Silver
Zaur Mammadov,2465,Turkey,151,2016,2023,2349,2639,2021,29,11,8,2896,2905,2023,813,141,414,2725,2725,2023,1124,47,178,2962,2022,105,FALSE,premium,Legend
Ziaur Rahman,2464,Bangladesh,427,2014,2023,2422,2791,2020,36,16,11,2527,2682,2021,1149,187,1084,2650,2512,2020,155,12,136,2744,2021,40,FALSE,premium,Bronze
Munkhgal Gombosuren,2463,Mongolia,103,2019,2023,2224,2614,2020,30,14,16,2746,2897,2022,1644,361,1755,2581,2656,2022,50,3,28,2868,2023,51,FALSE,premium,Champion
Homayoon Tofuighi,2461,Turkey,1163,2017,2023,2415,2688,2021,469,31,37,2903,2986,2021,2925,230,631,2908,3007,2022,2494,204,1603,3057,2022,53,FALSE,premium,Legend
Pavel Skatchkov,2460,Russia,14,2017,2023,2255,2502,2021,14,0,2,2651,2688,2021,134,13,92,2434,2638,2020,107,2,31,2777,2021,42,FALSE,premium,Stone
Nino Batsiashvili,2456,Georgia,227,2016,2023,2434,2535,2020,20,6,11,2422,2553,2022,1244,268,1090,2211,2560,2021,1398,188,1164,3391,2023,55,FALSE,premium,Elite
Aryam Abreu Delgado,2456,United States,224,2016,2023,2612,2612,2020,6,0,0,2659,2727,2021,797,147,744,2344,2721,2021,2094,168,1819,2884,2021,42,FALSE,premium,Bronze
Bilguun Sumiya,2454,Mongolia,50,2020,2023,2365,2640,2020,9,6,8,2703,2769,2020,45,11,27,2624,2630,2021,14,2,7,1200,2020,51,FALSE,premium,Stone
Mikhail Bryakin,2454,Serbia,222,2020,2023,2516,2521,2022,23,6,1,2704,2905,2020,3086,900,2236,2813,2918,2020,148,19,186,3754,2023,52,FALSE,premium,Elite
Nikita Matinian,2453,International,371,2013,2023,2420,2504,2018,96,32,96,2705,2794,2020,2519,483,2238,2729,2759,2023,992,140,954,3050,2019,56,FALSE,premium,Elite
Renier Gonzalez,2451,United States,210,2013,2023,2525,2598,2022,7,2,0,2792,2792,2022,243,20,101,2578,2691,2021,223,16,130,2914,2022,41,FALSE,premium,Bronze
Torbjorn Ringdal Hansen,2450,Norway,70,2010,2023,2322,2451,2020,37,2,1,2520,2553,2019,481,48,335,2375,2426,2018,154,14,118,2664,2015,43,FALSE,premium,Stone
Larry Kaufman,2450,United States,185,2012,2023,2262,2382,2022,50,12,33,2177,2398,2019,131,34,83,2005,2022,2021,243,24,187,3391,2023,58,FALSE,premium,Crystal
DryCounty,2450,United States,94,2016,2023,2668,2774,2020,82,25,26,2637,2790,2019,8182,2730,7851,2609,2702,2020,232,47,194,2420,2018,44,FALSE,premium,Silver
Daniel Dardha,2449,Belgium,754,2019,2023,2448,2505,2020,20,5,9,2869,3051,2023,1606,493,1228,2637,2765,2021,1001,99,713,2796,2022,61,FALSE,premium,Elite
Joshua Sheng,2447,United States,283,2011,2023,2583,2905,2021,20,7,5,2852,2978,2022,2424,256,1070,2917,2946,2021,2197,153,1164,3145,2023,54,FALSE,premium,Silver
Daniel Fernandez,2445,United States,95,2019,2023,2366,2440,2020,21,2,2,2726,2847,2022,255,38,154,2644,2644,2022,92,11,50,3301,2023,63,FALSE,premium,Bronze
Nguyen Van Huy,2444,Vietnam,254,2016,2023,2728,2728,2022,7,0,0,2759,2832,2020,2574,402,1761,2646,2655,2021,1102,123,800,3207,2022,42,FALSE,premium,Silver
Michael Hoffmann,2441,Dominican Republic,124,2016,2023,2319,2319,2021,2,0,0,2777,2787,2022,2847,641,1641,2715,2715,2022,825,105,559,3351,2022,67,FALSE,premium,Crystal
Gevorg Harutjunyan,2440,Armenia,591,2016,2023,2231,2527,2020,5,1,5,2836,2923,2023,1661,301,1166,2856,2922,2023,609,64,295,5410,2022,66,FALSE,premium,Champion
Mert ErdoÄŸdu,2439,Turkey,1106,2015,2023,2385,2468,2022,12,3,7,2790,2804,2022,5127,975,5299,2728,2786,2023,1035,157,1093,3434,2022,70,FALSE,premium,Crystal
Kouzari,2438,Kazakhstan,22,2016,2023,1798,2100,2021,10,0,6,2488,2679,2018,2284,429,1726,2556,2584,2019,726,127,582,3336,2022,53,FALSE,premium,Wood
Pouria Darini,2432,Iran,789,2017,2023,2445,2482,2023,29,23,29,2703,2799,2022,1535,297,1335,2852,2852,2023,977,119,930,3796,2023,67,FALSE,premium,Crystal
Valentina Gunina,2431,Russia,330,2017,2023,2305,2621,2020,10,1,8,2700,2863,2022,537,79,273,2616,2754,2021,98,25,54,1200,2017,46,FALSE,premium,Stone
Momchil Petkov,2426,Bulgaria,68,2018,2023,2442,2454,2021,25,0,6,2758,2826,2023,4391,706,4874,2500,2500,2022,334,35,296,3272,2023,67,FALSE,premium,Stone
Sergey Vokarev,2420,Russia,23,2017,2023,2268,2268,2021,3,1,0,2614,2656,2022,1326,424,1242,2667,2667,2021,120,24,67,3260,2020,83,FALSE,premium,Wood
Aman Hambleton,2420,Canada,11145,2010,2023,2379,2695,2020,38,1,7,2796,2899,2022,10698,1040,4528,2894,3201,2021,18666,1684,9173,3460,2021,80,TRUE,premium,Legend
Abdulla Gadimbayli,2416,Azerbaijan,477,2018,2023,2555,2677,2023,30,25,12,2836,2982,2019,1198,313,850,2829,2950,2023,2258,411,2081,3411,2023,50,FALSE,premium,Bronze
Danielian Elina,2407,Armenia,311,2019,2023,2277,2549,2020,8,1,8,2547,2714,2020,8193,1202,8439,2310,2533,2020,3898,364,3762,3203,2022,46,FALSE,premium,Champion
Avigdor Bykhovsky,2405,Israel,32,2013,2023,2474,2500,2020,25,2,6,2133,2493,2020,1828,119,714,2237,2634,2020,3189,101,2157,2878,2022,40,FALSE,premium,Silver
Thorsten Michael Haub,2402,Germany,1429,2008,2023,2239,2537,2020,199,13,21,2466,2584,2019,1838,182,427,2022,2632,2022,1090,26,111,2707,2015,35,FALSE,premium,Legend
Bogdan Lalic,2402,England,409,2010,2023,2315,2534,2020,598,63,23,2432,2472,2023,918,136,80,2224,2677,2021,93,1,3,2722,2021,38,FALSE,premium,Champion
Mikhail Ivanov,2401,Serbia,44,2015,2023,1934,2200,2016,75,50,8,2089,2209,2020,367,60,266,1611,2200,2015,81,8,55,2841,2019,28,FALSE,premium,Stone
David Markosyan,2399,Russia,227,2016,2023,2373,2373,2023,109,12,64,2579,2642,2019,3949,898,3729,2554,2554,2021,390,62,305,2697,2023,32,FALSE,premium,Silver
Ð•Ð²Ð³ÐµÐ½Ð¸Ð¹ ÐŸÐ¾Ð´Ð¾Ð»ÑŒÑ‡ÐµÐ½ÐºÐ¾,2395,Belarus,14,2020,2023,2661,2661,2023,1,0,0,2661,2672,2020,74,4,44,2635,2651,2020,132,9,76,3379,2023,44,FALSE,premium,Wood
Ketevan Arakhamia-Grant,2380,Scotland,89,2016,2023,2373,2411,2021,42,5,8,2325,2500,2021,431,43,433,2346,2408,2020,73,1,54,2421,2022,33,FALSE,premium,Stone
Viktor Komliakov,2372,Russia,27,2012,2023,2400,2400,2020,8,1,3,2508,2508,2023,80,3,24,2495,2495,2021,21,0,15,2379,2022,67,FALSE,premium,Wood
Vladimir Okhotnik,2357,France,41,2012,2023,1734,1945,2018,8,0,4,2436,2633,2023,13224,1841,11120,2270,2332,2020,890,86,935,2805,2020,50,FALSE,premium,Legend
Jonas Bjerre,2350,Denmark,109,2017,2023,2461,2551,2023,35,15,11,2889,2952,2023,1405,410,1437,2730,2832,2020,392,73,499,3592,2020,68,FALSE,premium,Elite
Harmen Jonkman,2336,Netherlands,4,2022,2023,2166,2261,2023,5,1,16,2414,2539,2023,37,9,40,2165,2233,2023,294,8,71,3129,2023,29,FALSE,premium,Bronze
sergey071164,2336,Russia,55,2018,2023,2448,2432,2023,6,2,6,2520,2520,2023,639,148,556,2606,2606,2023,6,0,1,3675,2023,58,FALSE,premium,Silver
Khatanbaatar Bazar,2318,Mongolia,192,2020,2023,2022,2162,2020,5,1,3,2785,2829,2023,22668,5277,19695,2497,2610,2020,16,3,9,2472,2022,48,FALSE,premium,Legend
Ahmad Al khatib,2297,Jordan,2892,2014,2023,2103,2175,2020,46,8,21,2408,2533,2022,325,28,137,1944,1977,2016,7,0,5,2321,2022,39,FALSE,premium,Bronze
Joshuachick,2172,China,499,2016,2023,2414,2792,2019,5,8,5,2888,2924,2019,3990,726,3009,2622,2865,2020,432,32,240,4314,2019,58,FALSE,premium,Bronze
Batuhan Dastan,0,Turkey,522,2020,2023,2572,2572,2020,1,0,0,2889,2931,2022,1846,343,785,2811,2847,2023,183,7,53,3301,2022,48,FALSE,premium,Champion
Arek Leniart,0,Poland,11,2016,2023,2360,2440,2020,8,6,3,2546,2602,2023,155,21,81,2423,2659,2021,41,13,36,3047,2023,70,FALSE,premium,Stone
Yago De Moura Santiago,0,Brazil,600,2017,2023,2316,2498,2022,2,0,4,2564,2841,2020,2472,458,2294,2628,2770,2021,465,38,303,2400,2019,50,FALSE,premium,Silver
Erik Blomqvist,0,Sweden,36,2016,2023,2376,2711,2019,18,19,18,2547,2646,2023,196,27,147,2488,2403,2019,18,1,7,2863,2020,44,FALSE,premium,Wood
Namig Guliyev,0,France,174,2016,2023,2486,2572,2023,15,4,17,2803,2996,2019,2903,421,1998,2627,2827,2022,12072,1105,8464,3106,2017,36,FALSE,premium,Silver
Kjetil Lie,0,Norway,73,2013,2023,2596,2653,2020,1,1,3,2777,2825,2021,1234,263,1207,2563,2563,2023,296,29,205,2936,2017,42,TRUE,premium,Silver
Artem Timofeev,0,Russia,48,2015,2023,2388,2681,2020,9,9,6,2839,2938,2022,1078,327,441,2643,2606,2020,101,44,29,400,2015,37,FALSE,premium,Stone
Praveen Thipsay,0,India,120,2020,2023,1900,2192,2021,11,0,9,2610,2610,2022,104,26,76,2310,2477,2022,9866,592,8199,2400,2023,27,FALSE,premium,Champion
Udysseus1,0,Greece,67,2018,2022,1400,1482,2020,22,12,13,2694,2785,2019,1778,356,874,1231,1081,2019,2,0,0,2944,2020,38,FALSE,premium,Wood
Juan Carlos Gonzalez Zamora,0,Mexico,82,2014,2023,2539,2586,2022,26,3,8,2450,2553,2021,105,7,39,2679,2688,2021,223,10,112,2702,2023,48,FALSE,premium,Stone
worldwar66,0,India,16,2020,2023,2478,2505,2020,2,0,2,2776,2791,2023,263,47,240,2530,2798,2020,113,10,103,2737,2023,35,FALSE,premium,Crystal
Eric Lobron,0,Germany,62,2014,2023,2408,2408,2021,1,0,0,2748,2820,2020,6350,898,5573,2504,2563,2020,9,1,12,2506,2021,0,FALSE,premium,Elite
Karthikeyan Murali,0,India,714,2015,2023,2606,2711,2020,19,16,11,2863,2890,2020,543,57,265,2894,3011,2021,707,102,611,1200,2022,216,FALSE,premium,Stone
ItachiUchiha999,0,India,60,2020,2023,2632,2632,2021,14,0,0,2865,2961,2023,87,6,49,2695,2854,2021,57,12,77,3720,2023,65,FALSE,premium,Bronze
Dmitriy Bocharov,0,Russia,340,2017,2023,2307,2517,2020,5,3,1,2761,2919,2020,2423,375,1692,2542,2814,2018,72,7,55,2962,2019,55,FALSE,premium,Crystal
Davit Jojua,0,Georgia,138,2018,2023,2471,2713,2022,13,4,6,2694,2846,2021,68,18,26,2806,2806,2021,19,5,6,2757,2023,43,FALSE,premium,Stone
Denes Boros,0,United States,214,2016,2023,2587,2587,2023,1,0,0,2898,2925,2021,3219,409,1937,2888,2963,2020,1972,169,1019,1225,2020,52,FALSE,premium,Champion
Bornio,0,United States,10,2019,2023,2477,2468,2023,86,11,16,2933,2947,2023,268,55,94,2704,2704,2023,67,5,24,3653,2023,69,FALSE,premium,Elite
A.A AL,0,Qatar,99,2021,2022,2638,2702,2022,1088,196,489,2630,2634,2022,200,9,77,2624,2648,2022,129,5,33,800,2021,64,FALSE,premium,Champion
Aravindh Chithambaram,0,India,542,2019,2023,2780,2842,2020,21,4,6,2946,2952,2020,674,111,310,2831,3045,2021,720,70,571,2465,2019,74,FALSE,premium,Stone
Alexey Dreev,0,Russia,100,2016,2023,2644,2685,2020,52,59,62,2867,2950,2022,171,33,65,2629,2809,2022,47,2,38,1697,2023,45,FALSE,premium,Silver
Hans Tikkanen,0,Sweden,9,2012,2023,1517,1517,2022,2,0,0,2483,2525,2020,133,19,59,1904,1754,2019,6,0,0,3506,2023,64,FALSE,premium,Stone
Ruiyuan Yu,0,China,24,2012,2023,2300,2526,2021,111,65,108,1863,1870,2022,16,0,4,2570,2648,2022,141,4,66,3263,2021,42,FALSE,premium,Silver
David Paravyan,0,Russia,543,2019,2023,2627,2975,2022,143,120,91,3039,3132,2022,6102,2088,3579,3075,3201,2023,374,88,224,2252,2022,59,FALSE,premium,Champion
Abhijeetonyoutube,0,India,49,2020,2023,2759,2759,2021,1,0,0,2913,2934,2023,87,9,33,2759,2780,2020,34,2,12,2847,2023,62,FALSE,premium,Wood
Bazarov04,0,Russia,14,2020,2023,2217,2432,2020,1,0,1,2713,2772,2020,1231,224,1170,2632,2781,2020,72,4,68,2213,2020,41,FALSE,premium,Champion
Stany Ga,0,India,156,2018,2023,2365,2623,2020,25,2,12,2605,2793,2020,343,55,192,2135,2550,2020,293,21,193,2890,2023,49,FALSE,premium,Stone
Varuzhan Akobian,0,United States,438,2017,2023,2522,2662,2018,1,1,4,2701,2873,2021,409,100,288,2743,2631,2017,18,0,5,2514,2021,43,FALSE,premium,Silver
Rdeux42,0,France,20,2020,2023,2440,2532,2021,4,2,2,2448,2562,2021,200,39,157,2445,2511,2023,53,2,41,2500,2021,43,FALSE,premium,Crystal
Reinaldo Vera,0,Cuba,32,2020,2023,2300,2300,2022,2,0,0,2227,2332,2021,171,11,146,1725,1667,2020,1,0,2,1578,2020,22,FALSE,premium,Wood
Conquering,0,India,54,2014,2023,2400,1412,2019,1,0,0,2814,2887,2020,2100,766,2323,2675,2764,2019,579,149,677,3642,2023,56,FALSE,premium,Champion
Valentin Dragnev,0,Austria,30,2020,2023,2522,2772,2023,2,4,3,2812,2903,2021,758,192,640,2803,2869,2023,109,12,93,3832,2022,53,FALSE,premium,Crystal
Jacob Aagaard,0,Scotland,29,2018,2023,2067,2122,2021,9,3,4,2404,2468,2023,29,3,16,2404,2584,2023,14,2,4,3405,2023,42,FALSE,premium,Silver
Paulius PultineviÄius,0,Lithuania,133,2021,2023,2081,2081,2023,31,1,1,2772,3014,2023,1987,334,1562,3000,3059,2023,2376,235,1754,4097,2023,66,FALSE,premium,Legend
Lucian-Costin Miron,0,Romania,51,2016,2023,2360,2460,2020,10,9,7,2630,2723,2022,712,84,396,2469,2495,2021,142,9,79,2668,2021,39,FALSE,premium,Crystal
Manolache Marius,0,Romania,274,2014,2023,1768,2281,2023,31,14,8,2736,2792,2023,5547,1098,5321,2054,2173,2023,9,0,4,3860,2023,63,FALSE,premium,Legend
Heliopsis,0,Poland,293,2020,2023,1369,2500,2020,7,1,7,2597,2800,2021,307,66,234,2447,2675,2021,6,0,3,2814,2021,43,FALSE,premium,Bronze
Jacek Tomczak,0,Poland,56,2019,2023,2626,2626,2022,1,0,1,2863,2918,2022,581,148,290,2506,2506,2023,7,0,0,2751,2023,41,FALSE,premium,Silver
Etienne Bacrot,0,France,1047,2016,2023,2467,2807,2020,20,12,28,2845,2955,2023,962,135,468,2761,2846,2022,631,69,510,3239,2021,59,FALSE,premium,Elite
Osvaldo Zambrana,0,Bolivia,31,2020,2023,2364,2649,2020,10,9,10,2447,2538,2020,39,4,27,2463,2744,2020,2,0,5,2942,2022,21,FALSE,premium,Stone
Evgeny Tomashevsky,0,Russia,368,2016,2023,2542,2832,2020,17,18,17,2988,2988,2023,672,249,382,2440,2290,2018,2,0,0,2003,2021,70,TRUE,premium,Stone
Evgeny Alekseev,0,Russia,36,2019,2023,2634,2732,2023,7,3,4,2883,2938,2021,2284,406,1541,2198,2573,2019,1,0,3,2810,2023,64,FALSE,premium,Stone
Enrico Sevillano,0,United States,80,2012,2023,2125,2502,2018,86,12,23,2519,2763,2012,284,41,136,2530,2530,2020,890,35,701,3206,2020,26,FALSE,premium,Bronze
Andrei Belozerov,0,Russia,347,2019,2023,2192,2673,2020,198,5,26,2636,2711,2023,950,116,363,2204,2528,2021,271,14,52,3687,2023,66,FALSE,premium,Legend
Azer Mirzoev,0,Azerbaijan,117,2018,2023,2429,2562,2021,26,3,6,2691,2770,2021,1500,287,743,2449,2492,2020,451,38,312,3074,2022,29,FALSE,premium,Bronze
Masoud Mosadeghpour,0,Iran,110,2017,2023,2226,2500,2020,18,4,6,2974,2997,2023,153,16,58,2610,2687,2022,90,10,33,3506,2023,74,FALSE,premium,Stone
Boris Grachev,0,Russia,111,2016,2023,2578,2601,2020,9,4,3,2959,3003,2019,1146,254,513,2981,3013,2019,753,109,378,3100,2021,61,FALSE,premium,Wood
Jules Moussard,0,France,648,2016,2023,2715,2750,2023,51,20,22,2988,3065,2023,1761,313,1194,3006,3173,2023,2989,244,1206,3526,2022,64,FALSE,premium,Elite
Helgi Olafsson,0,Iceland,86,2017,2023,2352,2512,2018,2,1,1,2703,2764,2022,2683,479,2268,1791,2066,2021,15,0,22,2973,2017,57,FALSE,premium,Legend
Viktor Erdos,0,Hungary,34,2019,2023,2589,2729,2023,21,20,16,2945,3013,2023,183,34,77,2864,2714,2020,70,3,38,3001,2020,47,FALSE,premium,Bronze
